-10,-0.0495055261960287,0.00872910495041126,-5.67131756087963,0.0270775182469867,826305.661835993
-9.75,-0.0471271105221331,0.00809758635712447,-5.81989600897179,0.0257552408480701,813831.903633533
-9.5,-0.0447900825120602,0.00749525778739336,-5.97578946349182,0.0244618839679567,801348.789633404
-9.25,-0.0425129480180063,0.00692397513354832,-6.13996255012831,0.0232002369969708,788856.557496101
-9,-0.0403015669925864,0.00638291238326572,-6.31397778516376,0.0219797429149852,776355.445055718
-8.75,-0.0381338299498397,0.00586959285313703,-6.49684414302415,0.0207805993958799,763845.690315419
-8.5,-0.0360218216429429,0.00538367709321749,-6.6909327991317,0.0196177236027036,751327.531442896
-8.25,-0.0339727712904474,0.00492578056255933,-6.89693153379044,0.0184903588711397,738801.206765848
-8,-0.0319858914872534,0.00449502296675327,-7.11584606437654,0.0173959634531434,726266.95476745
-7.75,-0.0300368879702077,0.00408799883708539,-7.34757742534562,0.0163288559111712,713725.014081787
-7.5,-0.0281634452294339,0.0037076466505346,-7.59604349712587,0.0153006915416318,701175.623489328
-7.25,-0.0263413461228547,0.00335093063881873,-7.86090461488649,0.0143022902176374,688619.021912385
-7,-0.024579669839069,0.00301792062347983,-8.1445713475152,0.0133371389351,676055.448410549
-6.75,-0.022873436984139,0.00270716952110994,-8.44920748618687,0.0124055386908911,663485.142176149
-6.5,-0.0212276196789281,0.00241861427120788,-8.77676938056222,0.0115065457189862,650908.342529699
-6.25,-0.0196404162409595,0.0021511630764974,-9.13013822872915,0.0106403338135968,638325.288915332
-6,-0.0180911174496385,0.00190435849254034,-9.49984864746009,0.00979077110733904,625736.220896256
-5.75,-0.0165785479419111,0.0016773198787747,-9.88395126755538,0.00896444179033666,613141.378150172
-5.5,-0.0151151561408084,0.00147005685830443,-10.2820214438796,0.00816611541046151,600541.000464734
-5.25,-0.0136917858958785,0.00128154882341069,-10.6837801617573,0.00739004607898259,587935.327732974
-5,-0.0123125253456618,0.00111142715306878,-11.078121774932,0.00663879905112958,575324.599948726
-4.75,-0.0109765694158167,0.000959134220177969,-11.4442475149932,0.00591135588149842,562709.057202068
-4.5,-0.00968169015163852,0.000824021920385627,-11.7493114104388,0.00520768235708966,550088.939674753
-4.25,-0.00842735974252159,0.000705514083202526,-11.9449915220224,0.00452737458698398,537464.487635622
-4,-0.00721511975608655,0.00060321590755535,-11.9610899940077,0.00387083483438381,524835.941436053
-3.75,-0.00604396284388591,0.000516467791440325,-11.702497123839,0.00323815150141488,512203.541505351
-3.5,-0.00491601827805301,0.000444809092914506,-11.0519734339107,0.0026294588622788,499567.528346209
-3.25,-0.00381585032868469,0.000387847764734609,-9.83852602913861,0.00203176395115658,486928.142530099
-3,-0.00274453154359784,0.000345117816972906,-7.9524481455946,0.00144972385270253,474285.624692709
-2.75,-0.00168946738223747,0.000316379119584782,-5.34000911455451,0.000872430722895035,461833.527602798
-2.5,-0.000655560415158257,0.000301289368238009,-2.17584981173443,0.000307503001944188,473058.443391782
-2.25,0.000358080895252891,0.000299572226540436,1.19530738676323,-0.000245934424015392,484279.848471747
-2,0.00135264410197073,0.000310937877287034,4.35020690876484,-0.000788163020942122,495497.529203289
-1.75,0.00232667546382341,0.000335124827651699,6.94271289933064,-0.00131915074172887,506711.272017954
-1.5,0.00327581067602143,0.000371820557870946,8.81019246159706,-0.00183831577441321,517920.863422238
-1.25,0.00420127044626002,0.000420768769376854,9.9847487551939,-0.00234619544578128,529126.090001678
-1,0.00512170285580887,0.000482443248313042,10.6161768741047,-0.00285648254633142,540326.738424907
-0.75,0.00609396781424256,0.0005574335633768,10.9321867476489,-0.00340638533049281,551522.595447737
-0.5,0.00712827502179836,0.000647918168513129,11.0018137601491,-0.00399852037330211,562713.447917177
-0.25,0.00801000939046126,0.000751297551540819,10.661567276552,-0.00450566919300898,573899.082775536
0,0.00885021367938613,0.000862480296951345,10.2613517209256,-0.00498395537659028,585079.287064443
0.25,0.0097237904018252,0.000984285503593952,9.8790344532358,-0.00548098304304242,596253.847928927
0.5,0.0106400428789183,0.00111778845053795,9.51883415309721,-0.00600291368325846,607422.552621455
0.75,0.0116219133410895,0.00126551983034589,9.18350946576084,-0.00654753817326209,618585.188505995
1,0.0126503253906797,0.00142654062540102,8.86783395118769,-0.00711970066652467,629741.543062044
1.25,0.01372259733189,0.00160191652182876,8.56636231969449,-0.00771443213449028,640891.403888692
1.5,0.0148177951938493,0.00179042801846758,8.2761189173814,-0.0083307880999653,652034.558708671
1.75,0.0159434837031723,0.00199291245729673,8.00009234966533,-0.00896906773759027,663170.795372366
2,0.0171183472478023,0.00221094718286481,7.74254011152874,-0.00963205455553871,674299.901861888
2.25,0.0182875734148421,0.00244222739008037,7.48807154039832,-0.0103037636893153,685421.666295085
2.5,0.0195169061311387,0.00269018793852558,7.25484857457037,-0.0110052253308002,696535.876929602
2.75,0.0207863620860705,0.00295466602472553,7.03509699983823,-0.0117281325040509,707642.322166887
3,0.0227547005548113,0.00327072217987538,6.95708754929415,-0.01271113343767,718740.79055623
3.25,0.0241967097207078,0.0035779705724304,6.76269109286489,-0.0135200220483191,729831.070798792
3.5,0.0256824628110833,0.00390438142913914,6.57785702477994,-0.0143542614183618,740912.951751626
3.75,0.0272116760316642,0.00425052550834898,6.40195570599785,-0.01521378801724,751986.22243169
4,0.0287840572303092,0.00461696979879241,6.23440448708106,-0.0160985363886756,763050.672019873
4.25,0.0303993059476408,0.00500427741051251,6.07466442283571,-0.0170084391556544,774106.089865001
4.5,0.0320571134691197,0.00541300746646097,5.92223706834801,-0.0179434270255583,785152.265487859
4.75,0.033757162878548,0.00584371499478652,5.77666140608577,-0.0189034287954407,796188.988585185
5,0.0354991291129986,0.00629695082183384,5.63751093464317,-0.0198883713574502,807216.049033679
5.25,0.0372826790191542,0.00677326146587002,5.50439093589092,-0.0208981797043972,818233.236894004
5.5,0.0391074714110532,0.0072731890315582,5.37693592746823,-0.0219327769354666,829240.342414785
5.75,0.0409731571292266,0.007797271105196,5.25480730071353,-0.0229920842620735,840237.156036602
6,0.0428793791012196,0.00834604065073706,5.13769113950251,-0.0240760210138639,851223.468395972
6.25,0.00450479709259557,0.00102151996100974,4.4098962962434,-0.00398075386168601,862199.070329345
6.5,0.0468119643246457,0.00951975028338039,4.91735212911732,-0.0263174507397336,873163.752877083
6.75,0.0488375744300931,0.0101457322621897,4.81360764979942,-0.0274747730202612,884117.307287432
7,0.0509022146279463,0.0107984852941287,4.7138291382054,-0.028656383351868,895059.525020506
7.25,0.0530054892363244,0.0114785177004225,4.61779914617142,-0.0298621917503521,905990.197752253
7.5,0.0551469950519457,0.0121863325735297,4.52531511996743,-0.0310921063887358,916909.117378423
7.75,0.0573263214200279,0.0129224276791435,4.43618821814352,-0.0323460336042573,927866.959331959
8,0.0595430503054847,0.0136872953591158,4.35024223144485,-0.0336238779055044,940240.760797519
8.25,0.0617967563654038,0.0144814224353232,4.26731259594146,-0.0349255419796862,952602.798459401
8.5,0.0640870070227933,0.0153052901144881,4.18724549116047,-0.0362509267000444,964952.836962235
8.75,0.0664133625415851,0.016159373893975,4.10989701564781,-0.0375999311334004,977290.641179082
9,0.0687753761028818,0.0170441434685756,4.03513243300746,-0.0389724525478437,989615.976215935
9.25,0.071172593882437,0.0179600626383013,3.96282548205905,-0.040368386420555,1001928.60741619
9.5,0.0736045551293477,0.0189075892171962,3.89285774531242,-0.0417876264457653,1014228.30036508
9.75,0.0760707922459551,0.0198871749431896,3.82511807047816,-0.0432300645428517,1026514.8208942
10,0.0785708308689336,0.0208992653890016,3.75950204021439,-0.0446955908645687,1038787.93508591
